title,plot_summary,genre
Guardians of the Galaxy,"A group of intergalactic criminals are forced to work together to stop a fanatical warrior from taking control of the universe.",Action
Star Wars: Episode IV - A New Hope,"Luke Skywalker joins forces with a Jedi Knight, a cocky pilot, a Wookiee, and two droids to save the galaxy from the Empire's world-destroying battle station.",Sci-Fi
The Fifth Element,"In a colorful future, a cab driver unwittingly becomes the central figure in the search for a legendary cosmic weapon to keep Evil and Mr. Zorg at bay.",Sci-Fi
Men in Black,"A police officer joins a secret organization that polices and monitors extraterrestrial interactions on Earth.",Action
Thor: Ragnarok,"Imprisoned on the planet Sakaar, Thor must race against time to return to Asgard and stop Ragnarok, the destruction of his world.",Action
Interstellar,"A team of explorers travel through a wormhole in space in an attempt to ensure humanity's survival.",Sci-Fi
The Martian,"An astronaut becomes stranded on Mars after his team assume him dead, and must rely on his ingenuity to find a way to signal to Earth that he is alive.",Sci-Fi
Avatar,"A paraplegic Marine dispatched to the moon Pandora on a unique mission becomes torn between following his orders and protecting the world he feels is his home.",Sci-Fi
Galaxy Quest,"The alumni cast of a space opera television series have to play their roles as the real thing when an alien race needs their help.",Comedy
Spaceballs,"A star-pilot for hire and his trusty sidekick must come to the rescue of a princess and save Planet Druidia from the clutches of the evil Spaceballs.",Comedy
Guardians of the Galaxy Vol. 2,"The Guardians struggle to keep together as a team while dealing with their personal family issues, notably Star-Lord's encounter with his father, the ambitious celestial being Ego.",Action
Star Trek,"The brash James T. Kirk tries to live up to his father's legacy with Mr. Spock keeping him in check as a vengeful Romulan from the future creates black holes to destroy the Federation one planet at a time.",Sci-Fi
Star Trek Into Darkness,"After the crew of the Enterprise find an unstoppable force of terror from within their own organization, Captain Kirk leads a manhunt to a war-zone world to capture a one-man weapon of mass destruction.",Sci-Fi
Star Trek Beyond,"The crew of the USS Enterprise explores the furthest reaches of uncharted space, where they encounter a new ruthless enemy who puts them and everything the Federation stands for to the test.",Sci-Fi
Alien,"The crew of a commercial spacecraft encounter a deadly lifeform after investigating an unknown transmission.",Horror
Aliens,"Fifty-seven years after surviving an apocalyptic attack aboard her space vessel by merciless space creatures, Officer Ripley awakens from hyper-sleep and tries to warn anyone who will listen about the predators.",Horror
Prometheus,"Following clues to the origin of mankind, a team finds a structure on a distant moon, but they soon realize they are not alone.",Sci-Fi
Passengers,"A spacecraft traveling to a distant colony planet and transporting thousands of people has a malfunction in its sleep chambers. As a result, two passengers are awakened 90 years early.",Sci-Fi
Gravity,"Two astronauts work together to survive after an accident leaves them stranded in space.",Sci-Fi
Apollo 13,"NASA must devise a strategy to return Apollo 13 to Earth safely after the spacecraft undergoes massive internal damage putting the lives of the three astronauts on board in jeopardy.",Drama
The Notebook,"A poor yet passionate young man falls in love with a rich young woman, giving her a sense of freedom, but they are soon separated because of their social differences.",Romance
Titanic,"A seventeen-year-old aristocrat falls in love with a kind but poor artist aboard the luxurious, ill-fated R.M.S. Titanic.",Romance
Pride and Prejudice,"Sparks fly when spirited Elizabeth Bennet meets single, rich, and proud Mr. Darcy. But Mr. Darcy reluctantly finds himself falling in love with a woman beneath his class.",Romance
La La Land,"While navigating their careers in Los Angeles, a pianist and an actress fall in love while attempting to reconcile their aspirations for the future.",Romance
The Fault in Our Stars,"Two teenage cancer patients begin a life-affirming journey to visit a reclusive author in Amsterdam.",Romance
A Walk to Remember,"The story of two North Carolina teens, Landon Carter and Jamie Sullivan, who are thrown together after Landon gets into trouble and is made to do community service.",Romance
Me Before You,"A girl in a small town forms an unlikely bond with a recently-paralyzed man she's taking care of.",Romance
The Vow,"A car accident puts Paige in a coma, and when she wakes up with severe memory loss, her husband Leo works to win her heart again.",Romance
Dear John,"A romantic drama about a soldier who falls for a conservative college student while he's home on leave.",Romance
The Lucky One,"A Marine travels to Louisiana after serving three tours in Iraq and searches for the unknown woman he believes was his good luck charm during the war.",Romance
The Best of Me,"A pair of former high school sweethearts reunite after many years when they return to visit their small hometown.",Romance
The Time Traveler's Wife,"A romantic drama about a man with a genetic disorder that causes him to time travel unpredictably, and about his wife, who has to cope with his frequent absences and dangerous experiences.",Romance
The Last Song,"A drama centered on a rebellious girl who is sent to a Southern beach town for the summer to stay with her father. Through their mutual love of music, the estranged pair learn to reconnect.",Romance
Safe Haven,"A young woman with a mysterious past lands in Southport, North Carolina where her bond with a widower forces her to confront the dark secret that haunts her.",Romance
The Longest Ride,"The lives of a young couple intertwine with a much older man as he reflects back on a lost love while he's trapped in an automobile crash.",Romance
The Choice,"Travis and Gabby first meet as neighbors in a small coastal town and wind up in a relationship that is tested by life's most defining events.",Romance
The Spectacular Now,"A hard-partying high school senior's philosophy on life changes when he meets the not-so-typical 'nice girl.'",Romance
The Space Between Us,"The first human born on Mars travels to Earth for the first time, experiencing the wonders of the planet through fresh eyes. He embarks on an adventure with a street-smart girl to discover how he came to be.",Romance
The Age of Adaline,"A young woman, born at the turn of the 20th century, is rendered ageless after an accident. After many solitary years, she meets a man who complicates the eternal life she has settled into.",Romance
The Holiday,"Two women troubled with guy problems swap homes in each other's countries, where they each meet a local guy and fall in love.",Romance
Silver Linings Playbook,"After a stint in a mental institution, former teacher Pat Solitano moves back in with his parents and tries to reconcile with his ex-wife. Things get more challenging when Pat meets Tiffany, a mysterious girl with problems of her own.",Romance
Crazy-Stupid-Love,"A middle-aged husband's life changes dramatically when his wife asks him for a divorce. He seeks to rediscover his manhood with the help of a newfound friend, Jacob, learning to pick up girls at bars.",Romance
About Time,"At the age of 21, Tim discovers he can travel in time and change what happens and has happened in his own life. His decision to make his world a better place by getting a girlfriend turns out not to be as easy as you might think.",Romance
The Proposal,"A pushy boss forces her young assistant to marry her in order to keep her visa status in the U.S. and avoid deportation to Canada.",Romance
Notting Hill,"The life of a simple bookshop owner changes when he meets the most famous film star in the world.",Romance
Love Actually,"Follows the lives of eight very different couples in dealing with their love lives in various loosely interrelated tales all set during a frantic month before Christmas in London, England.",Romance
Bridget Jones's Diary,"A British woman is determined to improve herself while she looks for love in a year in which she keeps a personal diary.",Romance
The Wedding Singer,"A wedding singer falls for a waitress, but she's engaged to be married and he's still nursing a broken heart.",Romance
50 First Dates,"Henry Roth is a man afraid of commitment until he meets the beautiful Lucy. They hit it off and Henry think he's finally found the girl of his dreams, until he discovers she has short-term memory loss and forgets him the next day.",Romance
The Princess Bride,"While home sick in bed, a young boy's grandfather reads him the story of a farmboy-turned-pirate who encounters numerous obstacles, enemies, and allies in his quest to be reunited with his true love.",Romance
Superbad,"Two co-dependent high school seniors are forced to deal with separation anxiety after their plan to stage a booze-soaked party goes awry.",Comedy
The Hangover,"Three buddies wake up from a bachelor party in Las Vegas, with no memory of the previous night and the bachelor missing. They make their way around the city in order to find their friend before his wedding.",Comedy
Bridesmaids,"Competition between the maid of honor and a bridesmaid, over who is the bride's best friend, threatens to upend the life of an out-of-work pastry chef.",Comedy
Dumb and Dumber,"The cross-country adventures of two good-hearted but incredibly stupid friends.",Comedy
Anchorman: The Legend of Ron Burgundy,"In the 1970s, an egomaniacal news anchorman is forced to team up with his ex-wife, who has just been hired as his co-anchor.",Comedy
Step Brothers,"Two aimless middle-aged losers still living at home are forced against their will to become roommates when their parents marry.",Comedy
21 Jump Street,"A pair of underachieving cops are sent back to a local high school to blend in and bring down a synthetic drug ring.",Comedy
22 Jump Street,"After making their way through high school (twice), big changes are in store for officers Schmidt and Jenko when they go deep undercover at a local college.",Comedy
The Grand Budapest Hotel,"The adventures of Gustave H, a legendary concierge at a famous European hotel between the wars, and Zero Moustafa, the lobby boy who becomes his most trusted friend.",Comedy
Groundhog Day,"A weatherman finds himself inexplicably living the same day over and over again.",Comedy
Ferris Bueller's Day Off,"A high school wise guy is determined to have a day off from school, despite what the principal thinks of that.",Comedy
Office Space,"Three company workers who hate their jobs decide to rebel against their greedy boss.",Comedy
Mean Girls,"Cady Heron is a hit with The Plastics, the A-list girl clique at her new school, until she makes the mistake of falling for Aaron Samuels, the ex-boyfriend of alpha Plastic Regina George.",Comedy
Napoleon Dynamite,"A listless and alienated teenager decides to help his new friend win the class presidency in their small western high school, while he must deal with his bizarre family life back home.",Comedy
Zoolander,"At the end of his career, a clueless fashion model is brainwashed to kill the Prime Minister of Malaysia.",Comedy
Ted,"John Bennett, a man whose childhood wish of bringing his teddy bear to life came true, now must decide between keeping the relationship with the bear or his girlfriend, Lori.",Comedy
Ted 2,"Newlywed couple Ted and Tami-Lynn want to have a baby, but in order to qualify to be a parent, Ted will have to prove he's a person in a court of law.",Comedy
The 40-Year-Old Virgin,"Goaded by his buddies, a nerdy guy who's never 'done the deed' only finds the pressure mounting when he meets a single mother.",Comedy
Knocked Up,"For fun-loving party animal Ben Stone, the last thing he ever expected was for his one-night stand to show up on his doorstep eight weeks later to tell him she's pregnant.",Comedy
This Is the End,"While attending a party at James Franco's house, Seth Rogen, Jay Baruchel and many other celebrities are faced with the apocalypse.",Comedy
Pineapple Express,"A process server and his marijuana dealer wind up on the run from hitmen and a corrupt police officer after he witnesses his dealer's boss murder a competitor.",Comedy
Tropic Thunder,"Through a series of freak occurrences, a group of actors shooting a big-budget war movie are forced to become the soldiers they are portraying.",Comedy
Borat: Cultural Learnings of America for Make Benefit Glorious Nation of Kazakhstan,"Kazakh TV talking head Borat is dispatched to the United States to report on the greatest country in the world. With a documentary crew in tow, Borat becomes more interested in locating and marrying Pamela Anderson.",Comedy
The Big Lebowski,"Jeff 'The Dude' Lebowski, mistaken for a millionaire of the same name, seeks restitution for his ruined rug and enlists his bowling buddies to help get it.",Comedy
Monty Python and the Holy Grail,"King Arthur and his Knights of the Round Table embark on a surreal, low-budget search for the Holy Grail, encountering many, very silly obstacles.",Comedy
Airplane!","A man afraid to fly must ensure that a plane lands safely after the pilots become sick.",Comedy
Ghostbusters,"Three former parapsychology professors set up shop as a unique ghost removal service.",Comedy
Ghostbusters II,"The discovery of a massive river of ectoplasm and a resurgence of spectral activity allows the staff of Ghostbusters to revive the business.",Comedy
Deadpool,"A wisecracking mercenary gets experimented on and becomes immortal but ugly, and sets out to track down the man who ruined his looks.",Comedy
Deadpool 2,"Foul-mouthed mutant mercenary Wade Wilson (a.k.a. Deadpool) assembles a team of fellow mutant rogues to protect a young boy with supernatural abilities from the brutal, time-traveling cyborg Cable.",Comedy
The Shining,"A family heads to an isolated hotel for the winter where a sinister presence influences the father into violence, while his psychic son sees horrific forebodings from both past and future.",Horror
Get Out,"A young African-American visits his white girlfriend's parents for the weekend, where his simmering uneasiness about their reception of him eventually reaches a boiling point.",Horror
Hereditary,"After the family matriarch passes away, a grieving family is haunted by tragic and disturbing occurrences, and begin to unravel dark secrets.",Horror
A Quiet Place,"In a post-apocalyptic world, a family is forced to live in silence while hiding from monsters with ultra-sensitive hearing.",Horror
The Conjuring,"Paranormal investigators Ed and Lorraine Warren work to help a family terrorized by a dark presence in their farmhouse.",Horror
The Exorcist,"When a 12-year-old girl is possessed by a mysterious entity, her mother seeks the help of two priests to save her.",Horror
Psycho,"A Phoenix secretary embezzles $40,000 from her employer's client, goes on the run, and checks into a remote motel run by a young man under the domination of his mother.",Horror
The Babadook,"A single mother, plagued by the violent death of her husband, battles with her son's fear of a monster lurking in the house, but soon discovers a sinister presence all around her.",Horror
It,"In the summer of 1989, a group of bullied kids band together to destroy a shape-shifting monster, which disguises itself as a clown and preys on the children of Derry, their small Maine town.",Horror
It Chapter Two,"Twenty-seven years after their first encounter with the terrifying Pennywise, the Losers Club have grown up and moved away, until a devastating phone call brings them back.",Horror
The Silence of the Lambs,"A young F.B.I. cadet must confide in an incarcerated and manipulative killer to receive his help on catching another serial killer who skins his victims.",Thriller
Se7en,"Two detectives, a rookie and a veteran, hunt a serial killer who uses the seven deadly sins as his motives.",Thriller
Gone Girl,"With his wife's disappearance having become the focus of an intense media circus, a man sees the spotlight turned on him when it's suspected that he may not be innocent.",Thriller
Prisoners,"When Keller Dover's daughter and her friend go missing, he takes matters into his own hands as the police pursue multiple leads and the pressure mounts.",Thriller
Zodiac,"In the late 1960s/early 1970s, a San Francisco cartoonist becomes an amateur detective obsessed with tracking down the Zodiac Killer.",Thriller
The Girl with the Dragon Tattoo,"Journalist Mikael Blomkvist is aided in his search for a woman who has been missing for forty years by Lisbeth Salander, a young computer hacker.",Thriller
Shutter Island,"In 1954, a U.S. Marshal investigates the disappearance of a murderer who escaped from a hospital for the criminally insane.",Thriller
The Sixth Sense,"A boy who communicates with spirits seeks the help of a disheartened child psychologist.",Thriller
The Others,"A woman who lives in a darkened old house with her two photosensitive children becomes convinced that the home is haunted.",Horror
The Witch,"A family in 1630s New England is torn apart by the forces of witchcraft, black magic, and possession.",Horror
Midsommar,"A couple travels to Sweden to visit a rural hometown's fabled mid-summer festival. What begins as an idyllic retreat quickly devolves into an increasingly violent and bizarre competition at the hands of a pagan cult.",Horror
The Lighthouse,"Two lighthouse keepers try to maintain their sanity while living on a remote and mysterious New England island in the 1890s.",Horror
The Ritual,"A group of college friends reunite for a trip to the forest, but encounter a menacing presence in the woods that's stalking them.",Horror
The Descent,"A woman goes on a caving expedition with her friends, but they soon find themselves trapped and hunted by strange creatures in the caves.",Horror
Sinister,"A true-crime writer discovers a box of mysterious, disturbing home movies that plunge his family into a nightmarish experience of supernatural horror.",Horror
Insidious,"A family looks to prevent evil spirits from trapping their comatose child in a realm called The Further.",Horror
The Conjuring 2,"Lorraine and Ed Warren travel to north London to help a single mother raising four children alone in a house plagued by malicious spirits.",Horror
Annabelle,"A couple begins to experience terrifying supernatural occurrences involving a vintage doll shortly after their home is invaded by satanic cultists.",Horror
The Nun,"A priest with a haunted past and a novice on the threshold of her final vows are sent by the Vatican to investigate the death of a young nun in Romania and confront a malevolent force in the form of a demonic nun.",Horror
The Invisible Man,"When Cecilia's abusive ex takes his own life and leaves her his fortune, she suspects his death was a hoax. As a series of coincidences turn lethal, Cecilia works to prove that she is being hunted by someone nobody can see.",Thriller
The Shawshank Redemption,"Two imprisoned men bond over a number of years, finding solace and eventual redemption through acts of common decency.",Drama
The Godfather,"The aging patriarch of an organized crime dynasty transfers control of his clandestine empire to his reluctant son.",Crime
The Dark Knight,"When the menace known as the Joker emerges, Batman must confront one of the greatest psychological and physical tests of his ability to fight injustice.",Action
Inception,"A thief who steals corporate secrets through the use of dream-sharing technology is given the inverse task of planting an idea into the mind of a C.E.O.",Sci-Fi
Forrest Gump,"The presidencies of Kennedy and Johnson, the events of Vietnam, Watergate, and other historical events unfold through the perspective of an Alabama man with an IQ of 75.",Drama
The Matrix,"A computer hacker learns from mysterious rebels about the true nature of his reality and his role in the war against its controllers.",Sci-Fi
Fight Club,"An insomniac office worker and a devil-may-care soapmaker form an underground fight club that evolves into something much, much more.",Drama
The Lord of the Rings: The Fellowship of the Ring,"A meek Hobbit from the Shire and eight companions set out on a journey to destroy the powerful One Ring and save Middle-earth from the Dark Lord Sauron.",Fantasy
The Lord of the Rings: The Two Towers,"While Frodo and Sam edge closer to Mordor with the help of the shifty Gollum, the divided fellowship makes a stand against Sauron's new ally, Saruman, and his hordes of Isengard.",Fantasy
The Lord of the Rings: The Return of the King,"Gandalf and Aragorn lead the World of Men against Sauron's army to draw his gaze from Frodo and Sam as they approach Mount Doom with the One Ring.",Fantasy
Star Wars: Episode V - The Empire Strikes Back,"After the Rebels are brutally overpowered by the Empire on the ice planet Hoth, Luke Skywalker begins Jedi training with Yoda, while his friends are pursued by Darth Vader.",Sci-Fi
The Avengers,"Earth's mightiest heroes must come together and learn to fight as a team if they are to stop the mischievous Loki and his alien army from enslaving humanity.",Action
The Silence of the Lambs,"A young F.B.I. cadet must confide in an incarcerated and manipulative killer to receive his help on catching another serial killer who skins his victims.",Thriller
Gladiator,"A former Roman General sets out to exact vengeance against the corrupt emperor who murdered his family and sent him into slavery.",Action
Back to the Future,"Marty McFly, a 17-year-old high school student, is accidentally sent 30 years into the past in a time-traveling DeLorean invented by his close friend, the maverick scientist Doc Brown.",Sci-Fi
The Lion King,"Lion prince Simba and his father are targeted by his bitter uncle, who wants to ascend the throne himself.",Animation
The Departed,"An undercover cop and a mole in the police attempt to identify each other while infiltrating an Irish gang in South Boston.",Crime
The Prestige,"After a tragic accident, two stage magicians engage in a battle to create the ultimate illusion while sacrificing everything they have to outwit each other.",Thriller
The Green Mile,"The lives of guards on Death Row are affected by one of their charges: a black man accused of child murder and rape, yet who has a mysterious gift.",Drama
The Pianist,"A Polish Jewish musician struggles to survive the destruction of the Warsaw ghetto of World War II.",Drama
The Grand Budapest Hotel,"The adventures of Gustave H, a legendary concierge at a famous European hotel between the wars, and Zero Moustafa, the lobby boy who becomes his most trusted friend.",Comedy
The Revenant,"A frontiersman on a fur trading expedition in the 1820s fights for survival after being mauled by a bear and left for dead by members of his own hunting team.",Adventure
The Wolf of Wall Street,"Based on the true story of Jordan Belfort, from his rise to a wealthy stockbroker living the high life to his fall involving crime, corruption, and the federal government.",Drama
Django Unchained,"With the help of a German bounty hunter, a freed slave sets out to rescue his wife from a brutal Mississippi plantation owner.",Western
Inglourious Basterds,"In Nazi-occupied France during World War II, a plan to assassinate Nazi leaders by a group of Jewish U.S. soldiers coincides with a theatre owner's vengeful plans for the same.",War
The Hateful Eight,"In the dead of a Wyoming winter, a bounty hunter and his prisoner find shelter in a cabin currently inhabited by a collection of nefarious characters.",Western
Once Upon a Time in Hollywood,"A faded television actor and his stunt double strive to achieve fame and success in the final years of Hollywood's Golden Age in 1969 Los Angeles.",Drama
The Social Network,"As Harvard student Mark Zuckerberg creates the social networking site that would become known as Facebook, he is sued by the twins who claimed he stole their idea, and by the co-founder who was later squeezed out of the business.",Drama
The Big Short,"Four denizens in the world of high-finance predict the credit and housing bubble collapse of the mid-2000s, and decide to take on the big banks for their greed and lack of foresight.",Drama
The Martian,"An astronaut becomes stranded on Mars after his team assume him dead, and must rely on his ingenuity to find a way to signal to Earth that he is alive.",Sci-Fi
Gravity,"Two astronauts work together to survive after an accident leaves them stranded in space.",Sci-Fi
Mad Max: Fury Road,"In a post-apocalyptic wasteland, a woman rebels against a tyrannical ruler in search for her homeland with the aid of a group of female prisoners, a psychotic worshiper, and a drifter named Max.",Action
Blade Runner 2049,"Young Blade Runner K's discovery of a long-buried secret leads him to track down former Blade Runner Rick Deckard, who's been missing for thirty years.",Sci-Fi
Arrival,"A linguist works with the military to communicate with alien lifeforms after twelve mysterious spacecraft appear around the world.",Sci-Fi
Ex Machina,"A young programmer is selected to participate in a ground-breaking experiment in synthetic intelligence by evaluating the human qualities of a highly advanced humanoid A.I.",Sci-Fi
Her,"In a near future, a lonely writer develops an unlikely relationship with an operating system designed to meet his every need.",Romance
La La Land,"While navigating their careers in Los Angeles, a pianist and an actress fall in love while attempting to reconcile their aspirations for the future.",Romance
Whiplash,"A promising young drummer enrolls at a cut-throat music conservatory where his dreams of greatness are mentored by an instructor who will stop at nothing to realize a student's potential.",Drama
Birdman,"Illustrated upon the pressures of fame, a washed-up actor who once played an iconic superhero must overcome his ego and family trouble as he mounts a Broadway play in a bid to reclaim his past glory.",Drama
The Shape of Water,"At a top secret research facility in the 1960s, a lonely janitor forms a unique relationship with an amphibious creature that is being held in captivity.",Romance
Pan's Labyrinth,"In the falangist Spain of 1944, the bookish young stepdaughter of a sadistic army officer escapes into an eerie but captivating fantasy world.",Fantasy
The Truman Show,"An insurance salesman discovers his whole life is actually a reality TV show.",Drama
Eternal Sunshine of the Spotless Mind,"When their relationship turns sour, a couple undergoes a medical procedure to have each other erased from their memories.",Romance
The Grand Budapest Hotel,"The adventures of Gustave H, a legendary concierge at a famous European hotel between the wars, and Zero Moustafa, the lobby boy who becomes his most trusted friend.",Comedy
The Revenant,"A frontiersman on a fur trading expedition in the 1820s fights for survival after being mauled by a bear and left for dead by members of his own hunting team.",Adventure
The Wolf of Wall Street,"Based on the true story of Jordan Belfort, from his rise to a wealthy stockbroker living the high life to his fall involving crime, corruption, and the federal government.",Drama
Django Unchained,"With the help of a German bounty hunter, a freed slave sets out to rescue his wife from a brutal Mississippi plantation owner.",Western
Inglourious Basterds,"In Nazi-occupied France during World War II, a plan to assassinate Nazi leaders by a group of Jewish U.S. soldiers coincides with a theatre owner's vengeful plans for the same.",War
The Hateful Eight,"In the dead of a Wyoming winter, a bounty hunter and his prisoner find shelter in a cabin currently inhabited by a collection of nefarious characters.",Western
Once Upon a Time in Hollywood,"A faded television actor and his stunt double strive to achieve fame and success in the final years of Hollywood's Golden Age in 1969 Los Angeles.",Drama
The Social Network,"As Harvard student Mark Zuckerberg creates the social networking site that would become known as Facebook, he is sued by the twins who claimed he stole their idea, and by the co-founder who was later squeezed out of the business.",Drama
The Big Short,"Four denizens in the world of high-finance predict the credit and housing bubble collapse of the mid-2000s, and decide to take on the big banks for their greed and lack of foresight.",Drama
The Martian,"An astronaut becomes stranded on Mars after his team assume him dead, and must rely on his ingenuity to find a way to signal to Earth that he is alive.",Sci-Fi
Gravity,"Two astronauts work together to survive after an accident leaves them stranded in space.",Sci-Fi
Mad Max: Fury Road,"In a post-apocalyptic wasteland, a woman rebels against a tyrannical ruler in search for her homeland with the aid of a group of female prisoners, a psychotic worshiper, and a drifter named Max.",Action
Blade Runner 2049,"Young Blade Runner K's discovery of a long-buried secret leads him to track down former Blade Runner Rick Deckard, who's been missing for thirty years.",Sci-Fi
Arrival,"A linguist works with the military to communicate with alien lifeforms after twelve mysterious spacecraft appear around the world.",Sci-Fi
Ex Machina,"A young programmer is selected to participate in a ground-breaking experiment in synthetic intelligence by evaluating the human qualities of a highly advanced humanoid A.I.",Sci-Fi
Her,"In a near future, a lonely writer develops an unlikely relationship with an operating system designed to meet his every need.",Romance
La La Land,"While navigating their careers in Los Angeles, a pianist and an actress fall in love while attempting to reconcile their aspirations for the future.",Romance
Whiplash,"A promising young drummer enrolls at a cut-throat music conservatory where his dreams of greatness are mentored by an instructor who will stop at nothing to realize a student's potential.",Drama
Birdman,"Illustrated upon the pressures of fame, a washed-up actor who once played an iconic superhero must overcome his ego and family trouble as he mounts a Broadway play in a bid to reclaim his past glory.",Drama
The Shape of Water,"At a top secret research facility in the 1960s, a lonely janitor forms a unique relationship with an amphibious creature that is being held in captivity.",Romance
Pan's Labyrinth,"In the falangist Spain of 1944, the bookish young stepdaughter of a sadistic army officer escapes into an eerie but captivating fantasy world.",Fantasy
The Truman Show,"An insurance salesman discovers his whole life is actually a reality TV show.",Drama
Eternal Sunshine of the Spotless Mind,"When their relationship turns sour, a couple undergoes a medical procedure to have each other erased from their memories.",Romance
The Pursuit of Happyness,"A struggling salesman takes custody of his son as he's poised to begin a life-changing professional endeavor.",Drama
The Help,"An aspiring author during the civil rights movement of the 1960s decides to write a book detailing the African American maids' point of view on the white families for which they work, and the hardships they go through on a daily basis.",Drama
The King's Speech,"The story of King George VI, his impromptu ascension to the throne of the British Empire in 1936, and the speech therapist who helped the unsure monarch overcome his stammer.",Drama
The Theory of Everything,"The story of the renowned astrophysicist Stephen Hawking, who falls in love with fellow Cambridge student Jane Wilde.",Drama
The Imitation Game,"During World War II, the English mathematical genius Alan Turing tries to crack the German Enigma code with help from fellow mathematicians.",Drama
The Social Network,"As Harvard student Mark Zuckerberg creates the social networking site that would become known as Facebook, he is sued by the twins who claimed he stole their idea, and by the co-founder who was later squeezed out of the business.",Drama
The Big Short,"Four denizens in the world of high-finance predict the credit and housing bubble collapse of the mid-2000s, and decide to take on the big banks for their greed and lack of foresight.",Drama
The Wolf of Wall Street,"Based on the true story of Jordan Belfort, from his rise to a wealthy stockbroker living the high life to his fall involving crime, corruption, and the federal government.",Drama
The Revenant,"A frontiersman on a fur trading expedition in the 1820s fights for survival after being mauled by a bear and left for dead by members of his own hunting team.",Adventure
The Grand Budapest Hotel,"The adventures of Gustave H, a legendary concierge at a famous European hotel between the wars, and Zero Moustafa, the lobby boy who becomes his most trusted friend.",Comedy
The Shape of Water,"At a top secret research facility in the 1960s, a lonely janitor forms a unique relationship with an amphibious creature that is being held in captivity.",Romance
La La Land,"While navigating their careers in Los Angeles, a pianist and an actress fall in love while attempting to reconcile their aspirations for the future.",Romance
The Fault in Our Stars,"Two teenage cancer patients begin a life-affirming journey to visit a reclusive author in Amsterdam.",Romance
The Notebook,"A poor yet passionate young man falls in love with a rich young woman, giving her a sense of freedom, but they are soon separated because of their social differences.",Romance
Titanic,"A seventeen-year-old aristocrat falls in love with a kind but poor artist aboard the luxurious, ill-fated R.M.S. Titanic.",Romance
Pride and Prejudice,"Sparks fly when spirited Elizabeth Bennet meets single, rich, and proud Mr. Darcy. But Mr. Darcy reluctantly finds himself falling in love with a woman beneath his class.",Romance
The Great Gatsby,"A writer and wall street trader, Nick, finds himself drawn to the past and lifestyle of his millionaire neighbor, Jay Gatsby.",Drama
The Curious Case of Benjamin Button,"Tells the story of Benjamin Button, a man who starts aging backwards with consequences.",Drama
The Secret Life of Walter Mitty,"When his job along with that of his co-worker are threatened, Walter takes action in the real world embarking on a global journey that turns into an adventure more extraordinary than anything he could have ever imagined.",Adventure
The Grand Budapest Hotel,"The adventures of Gustave H, a legendary concierge at a famous European hotel between the wars, and Zero Moustafa, the lobby boy who becomes his most trusted friend.",Comedy
The Silence of the Lambs,"A young F.B.I. cadet must confide in an incarcerated and manipulative killer to receive his help on catching another serial killer who skins his victims.",Thriller
Se7en,"Two detectives, a rookie and a veteran, hunt a serial killer who uses the seven deadly sins as his motives.",Thriller
Gone Girl,"With his wife's disappearance having become the focus of an intense media circus, a man sees the spotlight turned on him when it's suspected that he may not be innocent.",Thriller
Prisoners,"When Keller Dover's daughter and her friend go missing, he takes matters into his own hands as the police pursue multiple leads and the pressure mounts.",Thriller
Zodiac,"In the late 1960s/early 1970s, a San Francisco cartoonist becomes an amateur detective obsessed with tracking down the Zodiac Killer.",Thriller
The Girl with the Dragon Tattoo,"Journalist Mikael Blomkvist is aided in his search for a woman who has been missing for forty years by Lisbeth Salander, a young computer hacker.",Thriller
Shutter Island,"In 1954, a U.S. Marshal investigates the disappearance of a murderer who escaped from a hospital for the criminally insane.",Thriller
The Sixth Sense,"A boy who communicates with spirits seeks the help of a disheartened child psychologist.",Thriller
The Prestige,"After a tragic accident, two stage magicians engage in a battle to create the ultimate illusion while sacrificing everything they have to outwit each other.",Thriller
Memento,"A man with short-term memory loss attempts to track down his wife's murderer.",Thriller
Inception,"A thief who steals corporate secrets through the use of dream-sharing technology is given the inverse task of planting an idea into the mind of a C.E.O.",Thriller
The Departed,"An undercover cop and a mole in the police attempt to identify each other while infiltrating an Irish gang in South Boston.",Thriller
No Country for Old Men,"Violence and mayhem ensue after a hunter stumbles upon a drug deal gone wrong and more than two million dollars in cash near the Rio Grande.",Thriller
The Usual Suspects,"A sole survivor tells of the twisty events leading up to a horrific gun battle on a boat, which began when five criminals met at a seemingly random police lineup.",Thriller
Fight Club,"An insomniac office worker and a devil-may-care soapmaker form an underground fight club that evolves into something much, much more.",Thriller
The Machinist,"An industrial worker who hasn't slept in a year begins to doubt his own sanity.",Thriller
Oldboy,"After being kidnapped and imprisoned for fifteen years, Oh Dae-Su is released, only to find that he must find his captor in five days.",Thriller
The Game,"After a wealthy banker is given an opportunity to participate in a mysterious game, his life is turned upside down when he becomes unable to distinguish between the game and reality.",Thriller
Donnie Darko,"A troubled teenager is plagued by visions of a man in a large rabbit suit who manipulates him to commit a series of crimes, after he narrowly escapes a bizarre accident.",Thriller
The Others,"A woman who lives in a darkened old house with her two photosensitive children becomes convinced that the home is haunted.",Thriller
The Invitation,"While attending a dinner party at his former home, a man thinks his ex-wife and her new husband have sinister intentions for their guests.",Thriller
Prisoners,"When Keller Dover's daughter and her friend go missing, he takes matters into his own hands as the police pursue multiple leads and the pressure mounts.",Thriller
The Gift,"A young married couple's lives are thrown into a harrowing tailspin when an acquaintance from the husband's past brings mysterious gifts and a horrifying secret to light.",Thriller
The Invisible Man,"When Cecilia's abusive ex takes his own life and leaves her his fortune, she suspects his death was a hoax. As a series of coincidences turn lethal, Cecilia works to prove that she is being hunted by someone nobody can see.",Thriller
The Call,"When a veteran 911 operator takes a life-altering call from a teenage girl who has just been abducted, she realizes that she must confront a killer from her past in order to save the girl's life.",Thriller
The Girl on the Train,"A divorcee becomes entangled in a missing persons investigation that promises to send shockwaves throughout her life.",Thriller
The Bone Collector,"A quadriplegic ex-homicide detective and his partner try to track down a serial killer who is terrorizing New York City.",Thriller
The Cell,"An F.B.I. Agent persuades a social worker, who is adept with a new experimental technology, to enter the mind of a comatose serial killer in order to learn where he has hidden his latest kidnap victim.",Thriller
The Butterfly Effect,"Evan Treborn suffers blackouts during significant events of his life. As he grows up, he finds a way to remember these lost memories and a supernatural way to alter his life by reading his journal.",Thriller
The Number 23,"Walter Sparrow becomes obsessed with a novel that he believes was written about him. As his obsession increases, more and more similarities seem to arise.",Thriller